{
    "bal_loss_r": 0.5,
    "bs": 128,
    "coef_pos": 0.5,
    "cuda": true,
    "data": "../flexible-ehr/data/root_dicts",
    "dt": 1.0,
    "dynamic": false,
    "early_stopping": 5,
    "epochs": 5,
    "eval": false,
    "gpu_num": 3,
    "hidden_dim": 256,
    "latent_dim": 32,
    "lr": 0.001,
    "model_type": "pheno",
    "n_bins": 20,
    "n_tokens": 358074,
    "name": "gru",
    "p_bar": true,
    "p_dropout": 0.0,
    "results": "results",
    "seed": 0,
    "t_hours": 48,
    "test": true,
    "weighted": true
}